Name,Platform,Profile URL,Post URL,Pain Point Quote,Score,Specialty/Role,ICP Fit,Discovery Context,Outreach Angle,Status
u/AHaydenL,Reddit,https://www.reddit.com/user/AHaydenL,https://www.reddit.com/r/whitecoatinvestor/comments/1tqnjiq/getting_hospitals_to_work_with_you_as_an_s_corp/,"I've been in regular employment with an academic hospital for the longest time and am just becoming aware of the advantages of forming a corporation/LLC that gets taxed as an S corp. I recently moved and as a result have worked at many different hospitals while I'm trying to see where I want to land.",9,Physician (MA/NH) — multi-hospital locums + employed,Primary ICP — hospital-employed physician researching S-corp setup,r/whitecoatinvestor S-corp thread — post author,Reference their exact situation: hospital-employed physician realizing S-corp advantage late. Offer the structured financial setup session. Pain is real and current.,Not contacted
u/Alterdoc,Reddit,https://www.reddit.com/user/Alterdoc,https://www.reddit.com/r/DirectPrimaryCare/comments/135vin4/starting_dpc_while_working_another_job/,"To all the DPC docs out there — if I am working for a hospital but starting a DPC do I have to opt out of Medicare for the DPC practice? What are the hurdles/issues/details that I should consider? Does this affect the full time job in any way? If an attorney is recommended which one: is it healthcare specific attny?",9,Attending physician — hospital-employed + planning DPC launch,Primary ICP — actively mid-transition from hospital to DPC; asking specific legal/structure questions,r/DirectPrimaryCare DPC transition thread — commenter,Reference their exact question: Medicare opt-out + attorney type for dual-role DPC. This is a textbook PhysicianLabs pain. Offer a 20-min call to walk through the exact decision tree.,Not contacted
u/SSRIplease,Reddit,https://www.reddit.com/user/SSRIplease,https://www.reddit.com/r/DirectPrimaryCare/comments/135vin4/starting_dpc_while_working_another_job/,"My current job isn't very fulfilling. Mostly due to the corporation I'm working for. After this job being so bad I want an exit strategy for any new position. Do you all think it would be possible to build a DPC practice concurrently while working a schedule like this?",8,Physician — leaving corporate employed position; planning DPC,Primary ICP — physician actively planning DPC exit from corporate employer,r/DirectPrimaryCare — post author,Reference their exit strategy framing. They are at the exact moment PhysicianLabs is built for. Short message referencing their frustration with the corporation and offering structured DPC setup guidance.,Not contacted
u/Ok_Respect4534,Reddit,https://www.reddit.com/user/Ok_Respect4534,https://www.reddit.com/r/whitecoatinvestor/comments/1t6b6va/discouraged_as_a_primary_care_physician/,"32M Family Med Physician. Assets <$200k. Debt ~$350k student loans. Income ~$250k. Just burnt out. Currently working federally for PSLF as a PCP seeing about 16 to 18 patients per day.",7,Family Medicine MD — federal employer — burned out,Primary ICP — burned-out employed physician actively seeking options including concierge/DPC (recommended in comments),r/whitecoatinvestor — post author actively asking for advice on path forward,Reference their burnout post. Many commenters recommended concierge/DPC to them. Offer a no-pitch 20-min call on what the transition actually looks like operationally.,Not contacted
u/jrpg8255,Reddit,https://www.reddit.com/user/jrpg8255,https://www.reddit.com/r/medicine/comments/1tbfevj/banner_health_punishes_family_medicine_physician/,"As an ex banner physician part of the reason is they have a very draconian noncompete the implications of which don't really sink in until people decide perhaps they're going to leave. While in my day it was six months in any group larger than 12 within something like a 20 mile radius of a banner facility the Phoenix Metro area is never more than 20 miles away from one of the many Banner facilities.",7,Former Banner Health physician — now independent (implied),Primary ICP — left large hospital system; experienced noncompete pain; understands institutional constraints deeply,r/medicine Banner Health thread — commenter with direct experience,Reference their noncompete experience. Ask whether they eventually went independent and how they navigated the transition.,Not contacted
u/Trying-sanity,Reddit,https://www.reddit.com/user/Trying-sanity,https://www.reddit.com/r/DirectPrimaryCare/comments/135vin4/starting_dpc_while_working_another_job/,"First off congrats on using the word CORPORATION. We need to excessively push this term to be used instead of hospital. Sooner or later primary care docs need to start a union. Hospital systems need to stop treating primary care like procedural medicine.",6,Primary care physician — DPC-aware — anti-corporate,Secondary — physician advocate; DPC-aware but transition stage unclear,r/DirectPrimaryCare — commenter with strong anti-corporate stance,Lower priority. Reference their anti-corporation stance and ask if they've made the jump to independent practice.,Not contacted
u/Farnk20,Reddit,https://www.reddit.com/user/Farnk20,https://www.reddit.com/r/whitecoatinvestor/comments/1t6b6va/discouraged_as_a_primary_care_physician/,"5 years in private practice IM MCOL area and probably going to hit 350k this year working M-F 9-4 no weekends/evenings/inpatient.",6,Internal Medicine — private practice owner 5 years — $350K,Secondary ICP — established independent physician; potential referral source or P&L dashboard customer,r/whitecoatinvestor — commenter on discouraged PCP thread,Referral source angle: has network of employed PCPs looking to make the same transition he made. Ask what he wished he'd known when he made the jump.,Not contacted
u/Gorfang,Reddit,https://www.reddit.com/user/Gorfang,https://www.reddit.com/r/whitecoatinvestor/comments/1t6b6va/discouraged_as_a_primary_care_physician/,"There's a different stress between being an employed PCP and hanging your own shingle/being partner. It's a lot of work to tend to your flock but the real value to me is the longitudinal relationship. You have no leverage to sell to concierge or anything like that.",6,Physician — independent practice owner — references concierge conversion,Secondary ICP — established independent; aware of concierge conversion opportunity,r/whitecoatinvestor — commenter referencing own practice experience,Referral source / secondary ICP. References concierge conversion — directly relevant to PhysicianLabs positioning.,Not contacted
u/CactusSkies,Reddit,https://www.reddit.com/user/CactusSkies,https://www.reddit.com/r/whitecoatinvestor/comments/1t6b6va/discouraged_as_a_primary_care_physician/,"I would personally focus on starting a concierge's/subscription medicine group and going after the top clientele in your area. A lot of people with $$ don't want to see a NP who doesn't have the educational level and experience you have.",5,Physician — recommending concierge model — own concierge practice likely,Potential referral source — advocates concierge model; likely has navigated setup themselves,r/whitecoatinvestor — commenter recommending concierge path,Lower priority. If they run their own concierge practice they are a potential secondary ICP or referral source.,Not contacted
u/gamergeek987,Reddit,https://www.reddit.com/user/gamergeek987,https://www.reddit.com/r/whitecoatinvestor/comments/1t6b6va/discouraged_as_a_primary_care_physician/,"Transition to concierge medicine. Im a specialist but if I did PCP i would 1000% build a concierge medicine practice to high income individuals in your area. I know many FM and IM doctors that do this that have a very high income.",5,Specialist physician — knows concierge physician network,Potential referral source — specialist with concierge physician network contacts,r/whitecoatinvestor — commenter recommending concierge path to burned-out PCP,Referral angle: "you mentioned you know FM/IM doctors doing concierge — would you be open to connecting me with one who is in the early stage of that transition?",Not contacted
